model_name,split,threshold,accuracy,precision,recall,f1,roc_auc,pr_auc
Decision Tree,test_final_threshold,0.85,0.9246184317837586,0.46215139442231074,0.38095238095238093,0.41764176417641763,0.8297525249342793,0.38908796987453426
