model,threshold,accuracy,precision,recall,f1,roc_auc
Decision Tree,0.5,0.8428717052570264,0.26582278481012656,0.6899383983572895,0.3837806967447173,0.83074031399458
Decision Tree,0.4,0.7712246978302024,0.20414847161572053,0.7679671457905544,0.32255282449331607,0.83074031399458
Decision Tree,0.3,0.5107033639143731,0.11601176156107992,0.891170431211499,0.2052980132450331,0.83074031399458
Decision Tree,0.2,0.3930391728556866,0.0978807078872624,0.919917864476386,0.1769352290679305,0.83074031399458
